id del disco;año de la edición;pais de la edición;formato
554907;1984;UK;Vinyl
554907;2010;UK & Europe;Vinyl
554907;2014;US;Vinyl
825636;2007;US;Vinyl
825636;2010;US;Vinyl
825636;1978;US;Vinyl
825636;2009;US;Vinyl
689686;2014;Germany;CD
689686;2014;Germany;Vinyl
689686;2018;US;CD
689686;2014;Russia;CD
559727;2005;Europe;Vinyl
559727;1992;US;Vinyl
559727;1990;Italy;Vinyl
559727;2015;US;Vinyl
321886;1973;US;Vinyl
321886;1973;US;Vinyl
321886;0;None;Vinyl
951856;1974;Germany;Vinyl
951856;1974;Germany;Vinyl
821579;1998;US;Vinyl
821579;1977;US;Vinyl
821579;2001;UK;Vinyl
39074;1985;UK;Vinyl
39074;1985;UK;Vinyl
113797;1993;Austria;Vinyl
113797;1983;Belgium;Cassette
113797;2009;US;Vinyl
590944;1989;UK;Vinyl
590944;1989;US;Vinyl
590944;1990;UK;Vinyl
590944;1989;Europe;Vinyl
528851;1987;US;Vinyl
528851;1989;Canada;Vinyl
428021;2010;France;Vinyl
428021;2010;France;Vinyl
311364;1985;Italy;Vinyl
311364;2011;Italy;CD
311364;2014;Italy;Vinyl
311364;1997;Italy;Vinyl
304673;1972;Germany;Vinyl
304673;0;France;Vinyl
304673;1972;France;Vinyl
50307;2015;UK;Vinyl
50307;1994;US;Vinyl
72966;1974;UK;Vinyl
72966;1974;US;Vinyl
72966;1974;US;Vinyl
72966;1974;Netherlands;Vinyl
185581;1982;Hungary;Vinyl
185581;1998;Hungary;CD
185581;1982;Hungary;Cassette
894258;1971;US;Vinyl
894258;1971;US;Vinyl
894258;1973;Australia;Vinyl
894258;1969;US;Vinyl
259143;1984;France;Vinyl
259143;1983;Europe;Vinyl
259143;1983;France;Vinyl
369115;2021;Spain;Vinyl
369115;2019;US;CD
347541;1961;US;Vinyl
347541;2018;Germany;Vinyl
347541;1961;US;Vinyl
347541;1970;US;Vinyl
775785;0;Germany;Vinyl
775785;1964;German Democratic Republic (GDR);Vinyl
775785;1953;Germany;Vinyl
775785;2006;Germany;CD
177137;2008;US;Vinyl
177137;2013;US;Vinyl
177137;1958;US;Vinyl
177137;2008;US;CD
949345;2000;US;CD
949345;2020;UK;CD
949345;1965;Philippines;Vinyl
494035;1994;Italy;Vinyl
494035;1978;US;Vinyl
565097;1999;US;Vinyl
565097;1999;US;CD
406402;2006;Europe;Vinyl
406402;2009;UK;Vinyl
406402;2006;UK & Europe;CD
629900;1962;US;Vinyl
629900;1962;US;Vinyl
629900;1962;US;Vinyl
425559;2012;USA, Canada & Europe;Vinyl
425559;2012;Europe;CD
50030;2007;US;Vinyl
50030;1991;Netherlands;Vinyl
380214;2000;US;Vinyl
380214;2018;US;Vinyl
380214;2000;US;Vinyl
914490;1980;USA & Canada;Vinyl
914490;0;USA & Canada;CDr
844917;1985;UK;Vinyl
844917;1985;Germany;Vinyl
597197;2000;UK;Vinyl
597197;2002;UK;Vinyl
597197;2002;UK;Vinyl
597197;2002;UK;Vinyl
525644;1955;US;Vinyl
525644;1955;US;Vinyl
525644;1956;UK;Vinyl
248341;2007;Scandinavia;Vinyl
248341;2007;Sweden;CD
248341;2007;Norway;CD
248341;2007;Australia;CD
274877;1999;UK;Vinyl
274877;1999;UK;CD
274877;1999;UK;CD
727965;1989;Europe;Vinyl
727965;1987;Spain;Vinyl
791661;2008;US;CDr
791661;2008;US;CDr
791661;0;US;Box Set
791661;2018;Europe;CD
631149;1963;US;Vinyl
631149;1968;Germany;Vinyl
732983;2001;US;Vinyl
732983;2001;US;CD
732983;1975;UK;Vinyl
732983;2017;Europe;CD
931684;0;Finland;Vinyl
931684;1969;Finland;Vinyl
409120;2004;US;Vinyl
409120;2002;US;CD
409120;2010;US;Vinyl
409120;2014;Netherlands;Vinyl
411306;1994;US;CD
411306;1994;Europe;CD
411306;1994;US;CD
411306;1994;US;CD
441909;2010;UK;Vinyl
441909;2006;Europe;CD
441909;1999;US;CD
441909;1970;US;Vinyl
995945;0;Jamaica;Vinyl
995945;1982;Germany;Vinyl
995945;2015;UK;Vinyl
738049;2014;US;Vinyl
738049;2014;US;Vinyl
738049;2014;US;Vinyl
313397;1993;Belgium;Vinyl
313397;1978;US;Vinyl
313397;1978;US;Vinyl
274329;2001;US;CD
274329;2001;US;CD
274329;2018;US;Vinyl
944361;2004;UK & Europe;CD
944361;2003;UK;CDr
944361;2004;UK;Vinyl
944361;2003;UK & Europe;CD
968461;2018;Australia;Vinyl
968461;1992;UK;Vinyl
968461;2020;US;Vinyl
968461;2020;US;Vinyl
243397;1961;US;Vinyl
243397;2006;US;Vinyl
243397;1961;US;Vinyl
16662;1992;UK;Vinyl
16662;1992;UK;CD
773229;1981;US;Vinyl
773229;1987;US;Vinyl
670064;1992;UK;Vinyl
670064;1992;Italy;Vinyl
670064;1980;US;Vinyl
691359;1980;USSR;Vinyl
691359;1980;USSR;Vinyl
691359;1980;USSR;Vinyl
691359;1980;USSR;Vinyl
120496;1985;Belgium;Vinyl
120496;1985;Belgium;Vinyl
415481;2012;Germany;Vinyl
415481;2012;Germany;File
415481;2022;US;File
415481;2016;UK;All Media
743455;1970;US;Vinyl
743455;2023;Worldwide;Vinyl
743455;2017;UK;Vinyl
743455;1999;UK;Vinyl
58010;2006;Netherlands;Vinyl
58010;2006;Netherlands;Vinyl
58010;2006;Netherlands;Vinyl
513883;2012;US;Vinyl
513883;2012;US;Vinyl
513883;2012;US;Vinyl
513883;2012;US;CD
927511;1970;US;Vinyl
927511;1970;US;Vinyl
927511;2002;US;CD
350467;1978;UK;Vinyl
350467;1995;Netherlands;Vinyl
350467;2006;US;Vinyl
350467;1990;Germany;Vinyl
328934;2012;US;Vinyl
328934;2012;US;CD
328934;2002;US;CD
647462;1970;Belgium;Vinyl
647462;1970;Germany;Vinyl
647462;1970;UK;Vinyl
344683;2008;Germany;CD
344683;2008;US;CD
211114;2002;US;CD
211114;2008;Europe;CD
562060;2005;UK;Vinyl
562060;2005;US;Vinyl
562060;2019;UK;Vinyl
289547;1961;US;Vinyl
289547;2023;Europe;Vinyl
289547;1961;Australia;Vinyl
289547;0;US;Vinyl
419473;1991;Jamaica;Vinyl
419473;1987;UK;Vinyl
419473;2001;UK;Vinyl
854931;1982;Finland;Vinyl
854931;1994;Finland;CD
669011;2001;US;CD
669011;1984;UK;Vinyl
669011;2018;France;File
357058;2003;Jamaica;Vinyl
357058;1991;UK;Vinyl
357058;1983;US;Vinyl
812496;1993;Europe;CD
812496;0;Europe;CD
55143;1981;Canada;Vinyl
55143;1982;UK;Vinyl
55143;1981;Germany;Vinyl
828372;2015;US;Vinyl
828372;2015;US;CD
828372;2022;US;Vinyl
828372;2004;US;CD
599855;1972;USSR;Flexi-disc
599855;1973;USSR;Vinyl
599855;1973;USSR;Vinyl
599855;1973;USSR;Vinyl
316346;2007;UK;CD
316346;2016;US;Vinyl
316346;2007;UK;CD
183884;1991;UK;Vinyl
183884;1991;UK;CD
183884;1991;UK;Vinyl
182297;1999;Germany;Vinyl
182297;1989;Germany;Vinyl
243969;1990;USSR;Vinyl
243969;1988;USSR;Vinyl
243969;1989;USSR;Vinyl
772575;1988;Finland;Vinyl
772575;1994;Finland;CD
772575;1988;Finland;Cassette
508052;1995;Italy;CD
508052;1995;Italy;Cassette
508052;1995;Bulgaria;Cassette
678907;1989;Norway;Cassette
678907;1999;Unknown;Vinyl
678907;2023;UK;Vinyl
678907;2022;Finland;Cassette
807113;1995;US;CD
807113;1995;Europe;CD
807113;0;US;CD
807113;1996;Japan;CD
371870;2011;Denmark;Vinyl
371870;2011;Denmark;CD
384918;1999;US;Vinyl
384918;1999;US;Vinyl
384918;2021;UK;Vinyl
384918;2002;Sweden;Vinyl
407575;2001;UK;Vinyl
407575;2015;USA & Canada;Lathe Cut
407575;1969;UK;Vinyl
407575;2014;Germany;Vinyl
433331;2008;Spain;Vinyl
433331;2008;Spain;CD
433331;2008;Spain;Vinyl
433331;2008;Spain;CD
237046;2010;UK;Vinyl
237046;2009;UK;Vinyl
770622;1974;US;Vinyl
770622;1996;UK;CD
955646;1977;Germany;Vinyl
955646;1972;Germany;Vinyl
955646;1973;UK;Vinyl
955646;1964;Germany;Vinyl
63439;1979;UK;Vinyl
63439;1981;UK;Vinyl
63439;1983;US;Vinyl
63439;2014;UK;Vinyl
121068;1992;US;Vinyl
121068;1992;UK;Vinyl
121068;1992;US;CD
277462;1999;UK;Vinyl
277462;2000;US;Vinyl
277462;1994;US;Vinyl
277462;1998;UK;Vinyl
413613;2015;UK & Europe;DVD
413613;2008;US;DVD
503113;2009;Jamaica;Vinyl
503113;0;Jamaica;Vinyl
503113;1967;Jamaica;Vinyl
503113;0;Jamaica;Vinyl
312145;2023;US;Vinyl
312145;1969;US;Vinyl
312145;1982;Poland;Vinyl
396961;1964;US;Vinyl
396961;1964;Canada;Vinyl
396961;1964;US;Vinyl
396961;1964;Canada;Vinyl
240636;1991;US;CD
240636;1991;New Zealand;CD
240636;1991;New Zealand;Cassette
554270;1969;US;Vinyl
554270;1969;US;Vinyl
554270;0;France;Vinyl
64212;1975;UK;Vinyl
64212;1975;US;Vinyl
64212;2004;Europe;CD
241995;1997;France;CD
241995;1997;France;CD
609761;1997;France;Vinyl
609761;1997;France;Vinyl
280847;2001;Netherlands;Vinyl
280847;2007;US;Vinyl
280847;2018;Netherlands;Vinyl
280847;2018;US;Vinyl
234217;1992;US;Vinyl
234217;1991;US;Vinyl
234217;1992;US;Vinyl
846939;1977;Hungary;Vinyl
846939;1977;Hungary;Vinyl
915745;2010;US;Vinyl
915745;2007;Germany;Vinyl
915745;2020;Finland;CD
915745;2012;New Zealand;Vinyl
297512;2016;US;Vinyl
297512;1991;US;CD
297512;1999;US;Vinyl
297512;1999;US;CD
761389;2013;US;Vinyl
761389;1975;Germany;Vinyl
761389;2018;US;Vinyl
761389;1984;US;Vinyl
74246;2007;France;CD
74246;2011;France;Vinyl
74246;2017;Europe;Vinyl
74246;1981;Belgium;Vinyl
351387;1993;Germany;CD
351387;1995;US;CD
102005;1983;US;Vinyl
102005;1983;Germany;Vinyl
102005;1983;Finland;Vinyl
102005;1993;Canada;CD
824032;1977;Italy;Vinyl
824032;2009;Italy;CD
824032;2012;Italy;CD
824032;1977;Japan;Vinyl
462561;2009;Czech Republic;CD
462561;2012;Czech Republic;CD
317034;1997;US;Vinyl
317034;1988;Belgium;Vinyl
317034;1998;Germany;CD
199455;1985;US;Vinyl
199455;1986;Netherlands;Vinyl
463547;2019;Europe;Vinyl
463547;2000;Europe;CD
463547;2000;UK;Vinyl
463547;2000;UK;CD
340916;2009;US;CD
340916;2009;US;CD
340916;2022;US;Vinyl
86285;1987;US;Vinyl
86285;1993;Spain;Vinyl
86285;1997;Belgium;Vinyl
384947;1997;UK;Vinyl
384947;1997;UK;Vinyl
349632;2004;UK;Vinyl
349632;2004;UK;Vinyl
349632;2002;UK;Vinyl
741393;2015;Europe;Vinyl
741393;1980;UK;Vinyl
741393;2020;Europe;Vinyl
216071;1962;US;Vinyl
216071;1962;US;Vinyl
216071;1962;US;Vinyl
216071;1962;Canada;Vinyl
990687;2019;Ukraine;Vinyl
990687;2019;Ukraine;Vinyl
990687;1993;Yugoslavia;Cassette
4712;1991;UK;Vinyl
4712;1991;UK;CD
4712;2003;Japan;Vinyl
440478;1999;Canada;CD
440478;1999;Canada;Cassette
440478;1999;France;CD
173910;2006;Switzerland;Vinyl
173910;2007;Switzerland;Vinyl
329592;1992;Germany;CD
329592;1992;Germany;Vinyl
88888;2005;UK;CD
88888;2005;UK;CD
88888;2005;UK;CD
787193;1958;US;Vinyl
787193;1974;UK;Vinyl
971671;2015;Canada;Vinyl
971671;2015;Canada;CD
719793;1989;UK;Vinyl
719793;2009;US;Vinyl
719793;1991;US;CD
428323;2017;Norway;Vinyl
428323;2012;US;Vinyl
428323;2012;US;Vinyl
428323;2022;US;Vinyl
411307;2012;Europe;CD
411307;2012;UK;File
411307;2008;Netherlands;CD
163526;1996;Europe;Vinyl
163526;1996;UK & Europe;CD
258537;1988;France;Vinyl
258537;1989;Germany;Vinyl
258537;1988;France;CD
258537;1989;France;Vinyl
315271;1983;Finland;Vinyl
315271;0;Finland;CD
315271;1988;Finland;Vinyl
315271;1983;Finland;Cassette
133863;2003;US;Vinyl
133863;1964;US;Vinyl
133863;1963;UK;Vinyl
107265;1962;UK;Vinyl
107265;1982;UK;Vinyl
107265;1963;Denmark;Vinyl
401861;1980;UK;Vinyl
401861;2001;Japan;Vinyl
137235;1997;US;Vinyl
137235;1997;US;CD
137235;1997;Japan;CD
370657;2003;US;Vinyl
370657;0;US;Vinyl
370657;0;Spain;Vinyl
370657;1986;Spain;Vinyl
801640;1978;Brazil;Vinyl
801640;1985;Europe;Vinyl
573880;2013;UK;Vinyl
573880;2013;UK;CD
827070;1994;USA & Canada;Vinyl
827070;1974;Germany;Vinyl
827070;1983;Europe;Vinyl
314747;1972;UK;Vinyl
314747;1972;US;Vinyl
314747;1972;France;Vinyl
314747;1972;UK;Vinyl
294632;1998;UK & Europe;CD
294632;2006;UK;Vinyl
233966;2010;US;Vinyl
233966;2010;US;File
179917;1991;UK;Vinyl
179917;1990;UK;Vinyl
179917;1989;UK;Vinyl
781681;1982;France;Vinyl
781681;1982;France;Vinyl
984605;2004;UK;Vinyl
984605;2004;UK;Vinyl
987070;1995;UK;Vinyl
987070;1995;UK;Vinyl
987070;2019;Europe;Vinyl
987070;2019;Europe;CD
146180;0;US;Vinyl
146180;2001;US;Vinyl
146180;1969;US;Vinyl
146180;1956;US;Vinyl
655648;1967;US;Vinyl
655648;1968;US;Vinyl
655648;2016;Europe;Vinyl
447430;1983;Germany;Vinyl
447430;1983;Germany;Vinyl
447430;2007;Finland;Vinyl
447430;2006;Finland;CD
749417;2010;US;File
749417;2010;US;File
106953;2020;US;Vinyl
106953;2020;US;Vinyl
937083;2015;Spain;Vinyl
937083;2015;Spain;Vinyl
161720;1987;US;Vinyl
161720;1987;US;Vinyl
161720;1987;UK;Vinyl
713080;2019;US;Vinyl
713080;2019;US;Vinyl
713080;2014;US;Vinyl
640191;1977;US;Vinyl
640191;1977;US;Vinyl
524159;0;Canada;Vinyl
524159;1978;US;Vinyl
524159;1977;UK;Vinyl
541620;1972;US;Vinyl
541620;0;US;Vinyl
541620;1972;US;Vinyl
586467;1994;Luxembourg;CD
586467;2013;Japan;CD
512527;1999;Canada;Vinyl
512527;2001;US;Vinyl
512527;1997;UK;Vinyl
820561;0;UK;Vinyl
820561;0;UK;Vinyl
820561;0;UK;Vinyl
632010;1981;Czechoslovakia;Vinyl
632010;1984;Czechoslovakia;Vinyl
657151;1968;US;Vinyl
657151;1976;US;Vinyl
657151;1978;US;Vinyl
765073;1990;USSR;Vinyl
765073;1990;USSR;Vinyl
765073;1990;USSR;Vinyl
232005;2006;Germany;CD
232005;1975;UK;Vinyl
486039;1970;Germany;Vinyl
486039;0;Italy;Vinyl
762884;0;Bulgaria;Vinyl
762884;0;Bulgaria;Vinyl
811151;1967;US;Vinyl
811151;1967;US;Vinyl
811151;1967;US;Vinyl
365056;1995;Slovenia;CD
370314;1979;Netherlands;Vinyl
370314;1979;Netherlands;Vinyl
370314;1979;UK;Vinyl
370314;1979;Germany;Vinyl
174598;1993;Europe;CD
174598;1993;Brazil;Vinyl
174598;1993;Europe;CD
174598;2009;UK;Cassette
188680;2005;Canada;CD
188680;2006;Canada;Vinyl
188680;2013;Canada;Vinyl
188680;2006;Germany;Vinyl
475110;1967;US;Vinyl
475110;1967;US;Vinyl
407622;0;Germany;Vinyl
407622;1972;Germany;Vinyl
935323;1968;US;Vinyl
935323;1968;US;Vinyl
935323;1968;Canada;Vinyl
571976;1997;UK;Vinyl
571976;1999;Germany;Vinyl
571976;2020;Europe;Vinyl
583630;1975;Sweden;Vinyl
583630;1999;Sweden;CD
583630;2001;Sweden;VHS
583630;2014;Norway;CD
85677;1997;US;Vinyl
85677;2019;US;Vinyl
85677;1992;UK;Vinyl
331816;1995;UK;Vinyl
331816;1995;UK;Vinyl
331816;2021;Slovakia;Reel-To-Reel
5515;2017;Europe;Vinyl
5515;1997;UK;CD
5515;1996;UK;Vinyl
5515;1992;UK;Vinyl
427101;2012;Norway;Vinyl
427101;2012;Norway;CD
427101;2012;Norway;CD
427101;2003;Norway;CD
517592;2000;UK;CD
517592;2004;Sweden;CD
517592;1986;US;Vinyl
13099;2002;Germany;Vinyl
13099;2002;Germany;CD
531015;1985;Spain;Vinyl
531015;2010;Spain;Vinyl
531015;2011;Spain;CD
761797;2014;Germany;Vinyl
761797;2014;Germany;CD
485352;1996;UK;Vinyl
485352;1996;UK;Vinyl
363514;2008;US;Vinyl
363514;1994;Italy;Vinyl
220451;1997;Netherlands;CD
220451;2003;Germany;CD
215353;2007;UK;Vinyl
215353;2007;UK;Vinyl
882828;1996;Germany;Vinyl
882828;0;Portugal;Vinyl
882828;2001;Spain;Vinyl
882828;1996;Germany;Vinyl
218591;1989;UK;Vinyl
218591;1989;UK;CD
171860;1994;US;Vinyl
171860;1992;Italy;Vinyl
885180;1972;US;Vinyl
885180;1972;US;Vinyl
819918;2011;Greece;CD
819918;2003;Greece;CD
819918;2003;Greece;CD
130807;2001;UK;Vinyl
130807;2000;UK & France;CD
130807;2001;UK;File
992311;1974;Venezuela;Vinyl
992311;1974;Spain;Vinyl
992311;1979;Venezuela;Vinyl
992311;1975;Spain;Vinyl
434941;2014;UK;Vinyl
434941;1989;UK;Flexi-disc
959450;1957;Australia;Vinyl
959450;1957;Australia;Shellac
959450;1957;Australia;Vinyl
959450;1978;Hungary;Vinyl
894568;1998;Canada;Vinyl
894568;1998;Canada;Vinyl
894568;2019;Canada;Vinyl
894568;2021;Canada;Vinyl
28393;2006;UK;CD
28393;2006;UK;CD
924034;1989;Germany;Vinyl
924034;1989;Germany;CD
924034;1975;Upper Volta;Vinyl
924034;1992;Canada;CD
930685;1957;US;Vinyl
930685;1959;US;Vinyl
930685;1959;US;Vinyl
930685;1957;US;Vinyl
613987;2003;Romania;CD
613987;0;Romania;CD
143670;2013;US;Vinyl
143670;2005;US;Vinyl
143670;2005;US;CD
143670;2022;US;Vinyl
801528;1999;US;CD
801528;1999;Europe;CD
801528;1999;Japan;CD
245452;2001;USA & Europe;CD
245452;2004;US;CD
245452;2004;Czech Republic;CD
413788;1987;UK;Vinyl
413788;2000;UK;Vinyl
413788;2000;UK;Vinyl
140753;0;UK & Europe;CD
140753;2014;Europe;Vinyl
107060;2009;Italy;CD
107060;1992;Germany;Vinyl
383651;1960;Australia;Vinyl
383651;1961;Australia;Vinyl
383651;1960;Australia;Vinyl
383651;1962;Australia;Vinyl
436848;1972;US;Vinyl
436848;1983;Netherlands;Vinyl
966749;1954;US;Vinyl
966749;1954;US;Vinyl
966749;1953;US;Vinyl
966749;1952;US;Vinyl
734686;2003;UK;Vinyl
734686;0;UK;Vinyl
734686;1982;France;Vinyl
734686;2012;UK;Vinyl
907300;2013;US;Vinyl
907300;2013;Germany;Vinyl
907300;2015;US;Vinyl
586900;2001;US;Vinyl
586900;2000;Spain;Vinyl
586900;2000;Brazil;Vinyl
513207;1976;Italy;Vinyl
513207;1999;Italy;Vinyl
910712;2003;US;Vinyl
910712;1992;US;CD
474215;1968;US;Vinyl
474215;1969;US;Vinyl
877765;1965;US;Vinyl
877765;1965;US;Vinyl
310925;2019;France;Vinyl
310925;1980;UK;Vinyl
310925;1980;US;Vinyl
499255;1982;US;Vinyl
499255;0;US;Vinyl
388387;2003;Germany;Vinyl
388387;1988;Europe;Vinyl
388387;1988;Netherlands;Vinyl
388387;2018;Slovenia;Blu-ray
855909;1969;US;Vinyl
855909;1975;France;Vinyl
855909;1969;US;Vinyl
418084;2012;Germany;Vinyl
418084;2013;Germany;Vinyl
418084;2012;Germany;File
418084;2012;Germany;File
87552;1964;UK;Vinyl
87552;0;UK;Vinyl
87552;1964;US;Vinyl
87552;1987;Germany;Vinyl
409684;1992;US;Vinyl
409684;1993;UK;Vinyl
409684;1996;US;Vinyl
409684;1975;US;Vinyl
559318;1962;US;Vinyl
559318;1962;US;Vinyl
559318;1962;US;Vinyl
559318;1962;Japan;Vinyl
679763;2002;Netherlands;Vinyl
679763;2002;UK;Vinyl
679763;2005;Switzerland;Vinyl
679763;1981;US;Vinyl
830592;2012;Germany;CD
830592;2012;Germany;DVD
778403;2012;US;Vinyl
778403;1987;France;Vinyl
121131;1972;France;Vinyl
121131;0;France;Vinyl
934943;1984;Bulgaria;Vinyl
934943;1984;Bulgaria;Vinyl
705433;1966;UK;Vinyl
705433;1966;UK;Vinyl
705433;1992;Europe;CD
706401;2003;Russia;CD
706401;2006;Russia;CD
706401;2008;Russia;CD
153970;2012;Netherlands;Vinyl
153970;2005;UK;Vinyl
153970;1983;US;Vinyl
857077;1998;US;CD
857077;2003;UK;CD
443856;0;US;Vinyl
443856;2012;UK;CD
443856;1962;UK;Vinyl
444786;2002;UK;Vinyl
444786;2002;UK;Vinyl
977893;2003;UK;Vinyl
977893;2016;UK;Vinyl
977893;2003;UK;Vinyl
841677;0;Jamaica;Vinyl
841677;1968;Jamaica;Vinyl
841677;1991;Europe;Vinyl
663980;2003;US;Vinyl
663980;1988;US;Vinyl
48620;1970;US;Vinyl
48620;1995;UK;Vinyl
48620;2023;USA & Canada;Vinyl
48620;1970;UK;Vinyl
709819;2014;Germany;Vinyl
709819;2014;Germany;Vinyl
709819;2014;Germany;CD
782314;1990;Europe;CD
782314;1995;Denmark;CD
782314;2006;Canada;CD
972455;2014;US;Vinyl
972455;2014;US;Vinyl
194570;2002;Germany;CD
194570;2002;Germany;Vinyl
194570;1990;UK;Vinyl
194570;1989;South Africa;Vinyl
20909;1987;US;Vinyl
20909;1987;UK & Europe;Vinyl
20909;1987;Europe;Vinyl
110696;2019;Sweden;Vinyl
110696;2008;US;Vinyl
110696;2017;France;Vinyl
110696;2019;Sweden;Vinyl
581427;1984;USSR;Vinyl
581427;1984;USSR;Vinyl
746184;1969;Germany;Vinyl
746184;1970;US;Vinyl
746184;1969;UK;Vinyl
746184;1969;Netherlands;Vinyl
332690;1971;France;Vinyl
332690;1989;Germany;Vinyl
24365;2009;Netherlands;Vinyl
24365;2009;Netherlands;Vinyl
24365;2020;Germany;Vinyl
24365;2009;Netherlands;Vinyl
468773;1973;Germany;Vinyl
468773;2011;Croatia;CD
468773;0;Yugoslavia;Vinyl
468773;1964;Yugoslavia;Vinyl
906902;1998;Europe;CD
906902;2023;Worldwide;Vinyl
906902;1998;Europe;CD
619225;1967;US;Vinyl
619225;1967;US;Vinyl
619225;1967;US;Vinyl
697408;1995;Europe;Vinyl
697408;1997;US;CD
973949;1968;Canada;Vinyl
973949;2009;Canada;CD
401484;1994;UK;Vinyl
401484;1994;UK;Vinyl
401484;2017;US;Vinyl
401484;2017;US;Vinyl
727102;1997;UK;CD
111527;2007;UK;CD
111527;2007;UK;CD
111527;2007;UK;Vinyl
111527;2007;UK;CD
706548;1990;US;Vinyl
706548;1990;US;CD
706548;2014;Europe;Vinyl
131244;1981;US;Vinyl
131244;1981;Canada;Vinyl
131244;1981;US;Vinyl
459102;2005;US;Vinyl
459102;2022;US;Vinyl
206485;1994;France;CD
206485;1994;France;Cassette
206485;2021;Israel;File
206485;2017;US;Vinyl
848173;1980;Netherlands;Vinyl
848173;1981;UK;Vinyl
848173;2002;US;CD
848173;2000;France;Vinyl
11924;1990;France;Vinyl
11924;1990;France;CD
175237;1968;UK;Vinyl
175237;1968;US;Vinyl
175237;1968;US;Vinyl
407272;2010;Poland;CD
407272;2010;Poland;Vinyl
407272;2010;Poland;CD
407272;2013;Italy;CD
70074;1977;Germany;Vinyl
70074;1977;Italy;Vinyl
466714;1973;US;Vinyl
466714;1973;US;Vinyl
466714;1973;UK;Vinyl
331603;1981;Italy;Vinyl
331603;1981;Italy;Vinyl
331603;1989;UK;CD
681959;1981;US;Vinyl
681959;0;Jamaica;Vinyl
681959;1968;US;Vinyl
681959;1981;Germany;Vinyl
692471;1974;Greece;Vinyl
692471;2005;Greece;CD
567936;1992;Sweden;Vinyl
567936;1988;Sweden;Vinyl
365610;1990;Germany;CD
365610;1990;Germany;Vinyl
815196;2013;UK;Vinyl
815196;2015;UK & Europe;Vinyl
815196;2013;UK;Vinyl
860665;1976;UK;Vinyl
860665;2010;UK;CD
411852;1994;Yugoslavia;Vinyl
411852;1984;Yugoslavia;Vinyl
411852;2008;Bulgaria;CD
411852;1987;Yugoslavia;Vinyl
787592;2009;US;Vinyl
787592;2006;UK;Vinyl
41548;1980;UK;Vinyl
41548;1980;Scandinavia;Vinyl
201554;1996;US;CD
201554;1996;US;Vinyl
201554;2015;Europe;Vinyl
201554;1996;US;Cassette
611729;1981;UK;Vinyl
611729;1994;Jamaica;Vinyl
611729;1995;UK;Vinyl
611729;2018;US;Vinyl
103706;2012;US;Vinyl
103706;2002;Europe;CD
103706;2003;Germany;CD
612796;1981;UK;Vinyl
612796;1981;France;Vinyl
612796;1981;Australia;Vinyl
612796;2003;UK;CD
425084;1975;Germany;Vinyl
425084;1975;US;Vinyl
951258;2014;US;Vinyl
951258;2014;UK;Vinyl
951258;2014;US;Vinyl
951258;2023;Worldwide;Vinyl
308395;1972;US;Vinyl
308395;1999;Australia;Vinyl
308395;1978;US;Vinyl
307527;1981;Netherlands;Vinyl
307527;1997;UK;Vinyl
307527;1985;US;Vinyl
307527;1967;US;Vinyl
529399;1980;Turkey;Vinyl
529399;2012;Turkey;CD
529399;1980;Germany;Cassette
529399;1981;Turkey;Vinyl
56287;1997;UK;Vinyl
56287;1997;UK;Box Set
56287;1997;US;VHS
56287;1996;US;VHS
543880;1979;US;Vinyl
543880;1976;UK;Vinyl
103411;1987;UK;Vinyl
103411;1987;UK;Vinyl
103411;1987;South Africa;Vinyl
103411;1987;France;Vinyl
162795;1975;UK;Vinyl
162795;2003;Germany;CD
802571;1970;France;Vinyl
802571;1970;Spain;Vinyl
802571;1970;Spain;Vinyl
802571;1985;France;Vinyl
818367;1988;Germany;CD
818367;1988;Germany;CD
818367;1993;Germany;CD
678408;1995;UK;Vinyl
678408;1995;UK;Vinyl
9206;2003;Europe;CD
9206;2003;Europe;Vinyl
9206;2003;UK;CD
853216;2014;US;Vinyl
853216;2011;US;Vinyl
853216;2011;US;CD
466460;1969;Japan;Vinyl
466460;1978;Japan;Vinyl
848527;2013;Ukraine;Vinyl
848527;2008;Russia;CD
751265;2008;Germany;Cassette
751265;2008;Germany;CDr
751265;2010;France;CD
44823;1997;UK;Vinyl
44823;2018;UK;Vinyl
44823;2018;UK;Vinyl
357625;1996;Netherlands;Vinyl
357625;1996;Netherlands;Vinyl
837493;1993;Europe;Vinyl
837493;1973;US;Vinyl
419323;2003;Croatia;CD
419323;2003;Serbia;CD
419323;1986;Yugoslavia;Vinyl
419323;2003;Croatia;Cassette
209416;1972;US;Vinyl
209416;2014;Europe;Vinyl
209416;2003;UK;CD
353044;2021;UK;Vinyl
353044;2011;Netherlands;CD
353044;2020;UK;Vinyl
353044;2011;Netherlands;File
30860;2018;UK;Vinyl
30860;1988;UK;Vinyl
67418;0;Germany;Vinyl
67418;1983;Europe;Vinyl
497159;2002;Finland;CDr
497159;2002;Finland;CDr
497159;2000;Finland;CDr
497159;2000;Finland;CDr
666280;2003;Europe;DVD
666280;2003;UK;DVD
603322;1992;Greece;Vinyl
603322;1992;Greece;CD
603322;1992;Greece;Cassette
893066;2013;Greece;CD
893066;2014;Greece;CD
893066;2013;Greece;CD
893066;2013;Greece;File
54670;2021;Australia;Vinyl
54670;2007;UK;Vinyl
267642;1999;Netherlands;Vinyl
267642;1999;Netherlands;CD
267642;0;Netherlands;Vinyl
439421;1999;US;Vinyl
439421;2000;US;CD
439421;2000;Japan;CD
439421;1974;Germany;Vinyl
290975;1995;Europe;CD
290975;1966;US;Vinyl
290975;1966;France;Vinyl
760817;2008;US;Vinyl
760817;2008;US;Vinyl
760817;2008;US;CD
760817;1965;France;Vinyl
62887;1997;Germany;CD
62887;1997;Germany;Vinyl
62887;1997;Germany;CD
65221;1983;Italy;Vinyl
65221;1999;US;CD
733150;2014;US;Cassette
733150;1970;France;Vinyl
733150;2014;US;File
832022;1990;Greece;Vinyl
832022;1995;Greece;Vinyl
832022;1995;Greece;CD
832022;2024;Greece;File
959063;1994;Hungary;CD
959063;1994;Hungary;Cassette
681904;1999;Europe;CD
681904;1972;US;Vinyl
31657;2002;UK;Vinyl
31657;2002;UK;Vinyl
31657;1998;US;CD
31657;2000;UK;CD
975470;2016;Germany;Cassette
975470;2016;Germany;CDr
274210;2010;US;Vinyl
274210;2010;US;Vinyl
274210;1997;Canada;CD
274210;1980;US;Vinyl
968680;1996;Mexico;CD
968680;1996;Mexico;Vinyl
968680;2005;Germany;Vinyl
29971;2000;UK;Vinyl
29971;1994;Germany;Vinyl
720125;1969;US;Vinyl
720125;1969;UK;Vinyl
587000;1973;Germany;Vinyl
587000;1993;Germany;Vinyl
587000;0;Germany;Vinyl
587000;0;Germany;Vinyl
603799;1959;US;Vinyl
603799;2012;Europe;Vinyl
603799;1968;US;Vinyl
603799;1965;UK;Vinyl
214031;1995;Italy;Vinyl
214031;2008;Italy;File
214031;2008;Italy;File
214031;1998;Europe;CD
651364;1960;Mexico;Vinyl
651364;1971;Mexico;Vinyl
651364;1971;Mexico;Vinyl
884472;1981;UK;Vinyl
884472;1985;Europe;Vinyl
884472;1986;UK;Vinyl
716056;1995;Netherlands;CD
716056;2021;Netherlands;Vinyl
716056;0;Netherlands;CD
716056;1995;Netherlands;CD
985514;2004;Italy;Vinyl
985514;2004;Italy;Vinyl
728325;1961;UK;Vinyl
728325;1972;US;Vinyl
491191;1995;UK;Vinyl
491191;1995;UK;Vinyl
491191;1995;UK;Vinyl
826627;2016;Europe;Vinyl
826627;1959;US;Vinyl
826627;1964;US;Vinyl
310165;1983;US;Vinyl
310165;1983;UK;Vinyl
369530;1978;Germany;Vinyl
369530;1978;Germany;Cassette
232760;1975;US;Vinyl
232760;1975;US;Vinyl
270284;2010;Europe;CD
270284;2010;Europe;CD
270284;2010;Germany;Vinyl
594523;1986;Europe;Vinyl
594523;1986;US;Vinyl
188662;2005;US;Vinyl
188662;2005;US;Vinyl
24027;1993;Germany;Vinyl
24027;1993;Germany;Vinyl
24027;1994;UK;Vinyl
24027;1994;UK;Vinyl
298730;1965;US;Vinyl
298730;1965;Germany;Vinyl
256318;2006;Germany;Vinyl
256318;2010;Italy;File
256318;2010;Italy;File
256318;2024;Italy;CD
832658;1983;Italy;Vinyl
832658;1994;Spain;Vinyl
832658;1995;Germany;Vinyl
400733;2007;Romania;CD
400733;2007;Romania;CD
839322;1971;Yugoslavia;Vinyl
913296;1984;UK;Vinyl
913296;2018;Europe;Vinyl
585721;2010;Finland;CDr
585721;2010;Finland;File
205014;1979;UK;Vinyl
205014;0;UK;Vinyl
205014;1988;UK;Vinyl
205014;1986;UK;Vinyl
457487;1987;UK;Vinyl
457487;1987;UK;Vinyl
457487;1987;UK;Vinyl
928371;1996;Germany;Vinyl
928371;2000;Germany;Vinyl
928371;2002;Germany;Vinyl
954159;2014;Sweden;Cassette
954159;2015;Sweden;CD
831426;1962;US;Vinyl
831426;1965;US;Vinyl
831426;1962;US;Vinyl
831426;1964;US;Vinyl
460404;2000;US;Vinyl
460404;1999;US;CD
460404;2000;US;Vinyl
624282;1964;US;Vinyl
624282;1964;US;Vinyl
929221;1966;Sweden;Vinyl
929221;1982;US;Vinyl
569859;2013;US;File
569859;2013;Russia;CDr
899492;2015;US;Vinyl
899492;2014;Europe;CD
899492;2014;Argentina;CD
899492;2014;Colombia;CD
926550;1982;UK;Vinyl
926550;1982;Netherlands;Vinyl
595225;1978;US;Vinyl
595225;2013;Europe;CD
929121;1975;Netherlands;Vinyl
929121;1975;UK;Vinyl
637321;1968;UK;Vinyl
637321;1966;UK;Vinyl
637321;1966;UK;Vinyl
637321;1966;US;Vinyl
940490;0;Italy;CD
940490;2002;Italy;CD
940490;2003;Italy;CD
459396;1980;Hungary;Vinyl
459396;1982;Yugoslavia;Vinyl
459396;1987;Poland;Vinyl
899604;2014;US;Vinyl
899604;2014;US;Vinyl
899604;2015;US;Vinyl
235870;2008;US;CD
235870;1999;US;CD
596309;1995;UK;Vinyl
596309;1989;Europe;Vinyl
596309;2023;US;Vinyl
682309;1972;Germany;Vinyl
682309;0;Germany;Vinyl
682309;1972;Germany;Vinyl
317835;1989;German Democratic Republic (GDR);Cassette
317835;1989;UK;Cassette
518587;1990;US;CD
518587;1989;US;Vinyl
518587;1989;Europe;Vinyl
518587;1989;US;CD
425546;2001;Austria;Vinyl
425546;2001;Austria;Vinyl
402276;1995;US;Vinyl
402276;1995;US;Vinyl
402276;1984;UK;Vinyl
58043;2003;Germany;CD
58043;2003;Germany;Vinyl
58043;1989;US;Cassette
240012;1960;US;Vinyl
240012;1960;US;Vinyl
434684;1981;Italy;Vinyl
434684;1975;Italy;Vinyl
587771;1976;UK;Vinyl
587771;2019;Canada;Vinyl
587771;2020;Canada;Vinyl
987955;1978;Australia;Vinyl
987955;1987;US;Vinyl
689095;2003;France;Vinyl
689095;2003;Italy;Vinyl
689095;1972;US;Vinyl
689095;1975;US;Vinyl
908382;2003;Germany;Vinyl
908382;2003;Germany;Vinyl
908382;1983;France;Vinyl
908382;2013;Germany;Vinyl
503613;1990;UK;Vinyl
503613;1990;UK;CD
503613;1967;US;Vinyl
503613;2016;US;Vinyl
565095;1996;US;CD
565095;1996;US;Cassette
565095;1994;US;CD
565095;1994;US;Cassette
956986;0;US;Vinyl
956986;1927;UK;Shellac
956986;1943;US;Shellac
956986;1961;US;Vinyl
266726;1992;Italy;Vinyl
266726;1960;Germany;Vinyl
173783;1974;US;Vinyl
173783;2014;Europe;Vinyl
173783;1981;US;Vinyl
546706;2000;US;Vinyl
546706;1993;Italy;Vinyl
546706;1993;Spain;Vinyl
580006;2011;Europe;Vinyl
580006;1999;US;CD
580006;1995;US;CD
580006;2011;Europe;CD
314903;2011;Germany;Vinyl
314903;2011;Germany;Vinyl
314903;2011;Germany;Vinyl
351532;1994;Germany;Vinyl
351532;1994;Germany;CD
351532;1969;US;Vinyl
254055;2007;US;CD
254055;2007;US;DVD
254055;0;US;CD
643741;2012;Germany;Vinyl
643741;2012;Europe;CD
240290;2010;UK & Europe;CD
240290;2010;Europe;CD
172137;2002;Italy;Vinyl
172137;2002;Germany;Vinyl
172137;2002;Germany;CD
172137;2005;Italy;Vinyl
695575;1959;US;Vinyl
695575;0;US;Vinyl
695575;1959;US;Vinyl
695575;0;US;Vinyl
442362;2009;Sweden;Vinyl
442362;2009;Sweden;CD
208462;1991;US;Vinyl
208462;1991;US;Vinyl
220865;1999;Germany;Vinyl
220865;2010;UK;Vinyl
220865;1999;Germany;Vinyl
220865;2019;Germany;Vinyl
769803;1979;US;Vinyl
769803;1979;US;Vinyl
752801;1978;Germany;Vinyl
752801;1978;UK;Vinyl
752801;2014;US;Vinyl
752801;1978;Germany;Vinyl
784432;0;Germany;Vinyl
784432;1970;Germany;Vinyl
784432;0;Germany;Vinyl
324101;1972;US;Vinyl
324101;1972;US;Vinyl
324101;1972;US;Vinyl
324101;1972;Canada;Vinyl
234160;2009;USA & Canada;Vinyl
234160;1992;Italy;Vinyl
234160;1998;Unknown;Vinyl
234160;2006;Russia;CD
737095;0;France;Vinyl
737095;1996;France;CD
459129;0;US;Vinyl
459129;1968;US;Vinyl
459129;0;US;Vinyl
459129;0;Canada;Vinyl
743512;2014;Europe;Vinyl
743512;2014;Europe;Vinyl
743512;2014;UK & Europe;CD
743512;2014;UK;CD
251081;1980;US;Vinyl
251081;1980;Netherlands;Vinyl
251081;1980;Germany;Vinyl
251081;1980;UK;Vinyl
615386;0;US;Vinyl
615386;2005;US;Vinyl
615386;2007;UK;Vinyl
615386;1995;US;Vinyl
821326;1988;US;Vinyl
821326;1989;US;Vinyl
821326;1990;UK & Europe;Vinyl
916806;2008;Germany;Vinyl
916806;2008;Germany;Vinyl
916806;0;UK;CD
467612;2004;US;CD
467612;2004;Canada;CD
289214;1978;Japan;Vinyl
289214;1978;US;Vinyl
289214;2016;Japan;CD
289214;1996;Europe;CD
68913;1980;US;Vinyl
68913;2006;US;Vinyl
68913;2006;US;CD
68913;1980;Canada;Vinyl
746093;1974;Italy;Vinyl
746093;1973;Italy;Vinyl
746093;1996;Italy;CD
667992;2004;UK;CD
667992;2004;UK;CD
153522;1993;US;Vinyl
153522;1993;UK;Vinyl
153522;1993;UK;Vinyl
988297;2016;Finland;Vinyl
988297;2016;Finland;Vinyl
192243;1991;Sweden;Cassette
192243;1989;Sweden;Cassette
294962;1984;UK;Vinyl
294962;1984;UK;Vinyl
294962;1984;Portugal;Vinyl
294962;1984;UK;Vinyl
850115;2024;Europe;CD
850115;2024;US;CD
850115;2008;US;CD
850115;1998;US;CD
322498;2002;Germany;CD
322498;2002;Germany;CD
667335;1968;UK;Vinyl
667335;1968;UK;Vinyl
655867;1968;US;Vinyl
655867;1968;US;Vinyl
655867;1968;Canada;Vinyl
651221;2003;Macedonia;CD
651221;2003;Macedonia;Cassette
995669;1996;Greece;Vinyl
995669;1996;Greece;CD
995669;1996;Greece;Cassette
275692;1956;US;Vinyl
275692;1959;US;Vinyl
275692;1956;US;Vinyl
185954;1988;Germany;Vinyl
185954;1988;Europe;Vinyl
185954;1988;Europe;CD
980723;0;US;Vinyl
980723;0;US;Vinyl
980723;2012;US;CD
537035;1982;UK;Vinyl
537035;1982;UK;Vinyl
537035;1982;Germany;Vinyl
619303;2007;US;CD
619303;2007;Japan;CD
619303;2008;Japan;CD
617716;2002;Belgium;Vinyl
617716;2004;Finland;CD
982874;1991;Austria;Vinyl
982874;1996;Austria;Vinyl
982874;1994;Austria;CD
943561;1964;Yugoslavia;Vinyl
943561;1964;Yugoslavia;Vinyl
943561;1976;Yugoslavia;Vinyl
761707;1970;Germany;Vinyl
761707;1976;UK;Vinyl
195913;1982;UK;Vinyl
195913;1982;UK;Vinyl
904347;0;None;Vinyl
437026;2005;Italy;Vinyl
437026;2005;Italy;CD
672007;2004;UK;Vinyl
672007;2024;US;Vinyl
479436;2004;UK;Vinyl
479436;1981;US;Vinyl
743822;0;None;Vinyl
743822;2021;Netherlands;Vinyl
743822;2005;Germany;CD
828364;1977;US;Vinyl
828364;2016;US;Vinyl
828364;2019;UK;Vinyl
828364;1992;UK;Vinyl
487917;1994;UK;Vinyl
487917;2003;Europe;CD
487917;1994;UK;Vinyl
487917;1993;UK;Vinyl
162897;1981;UK;Vinyl
162897;1981;Germany;Vinyl
162897;1981;Scandinavia;Vinyl
521500;1959;US;Vinyl
521500;1959;US;Vinyl
521500;1959;US;Vinyl
289511;1995;US;CD
289511;1961;US;Vinyl
289511;1961;US;Vinyl
289511;1995;US;CD
61157;2002;US;Vinyl
61157;2002;Germany, Austria, & Switzerland;CD
61157;2002;Germany;Vinyl
61157;2002;Germany;Vinyl
346089;1995;France;CD
346089;1995;France;Vinyl
258865;1994;UK;Vinyl
258865;1994;UK;Vinyl
112388;1998;Japan;Vinyl
112388;0;None;Vinyl
112388;2013;US;Vinyl
809270;1990;Sweden;Vinyl
809270;1990;Sweden;CD
809270;1991;China;Cassette
879427;2010;US;Vinyl
879427;1985;France;Cassette
143584;2013;USA & Canada;Vinyl
143584;1995;Europe;CD
143584;2018;Germany;Vinyl
677276;1991;Europe;Vinyl
677276;1991;Norway;Vinyl
677276;1991;Spain;Vinyl
677276;1970;US;Vinyl
82981;1979;Italy;Vinyl
82981;2015;Belgium;Vinyl
82981;2008;US;CD
153120;1990;UK;Vinyl
153120;1990;UK;Vinyl
153120;1990;UK;Vinyl
153120;1990;Germany, Austria, & Switzerland;Vinyl
353812;1973;US;Vinyl
353812;1978;Germany;Vinyl
353812;1977;Japan;Vinyl
5857;1991;US;Vinyl
5857;1991;US;Vinyl
66715;1979;US;Vinyl
66715;1979;US;Vinyl
784686;0;Jamaica;Vinyl
784686;1972;Netherlands;Vinyl
784686;2015;US;Vinyl
591602;1954;US;Vinyl
591602;1954;US;Shellac
591602;1971;US;Vinyl
461416;1996;Europe;CD
461416;1996;US;CD
924861;2015;France;CD
924861;2015;France;Vinyl
724683;1987;Brazil;Vinyl
724683;1988;Germany;Vinyl
724683;0;Angola;Vinyl
65871;1978;Germany;Vinyl
65871;1978;UK;Vinyl
56253;1989;US;Vinyl
56253;1988;UK;Vinyl
526790;2002;US;Vinyl
526790;2009;US;CDr
489775;1991;Jamaica;Vinyl
489775;2020;Denmark;Vinyl
489775;1992;UK;Vinyl
489775;2003;UK;CD
736221;2013;Sweden;Vinyl
736221;2014;Sweden;Vinyl
736221;2014;Sweden;Vinyl
736221;2013;Sweden;Vinyl
531660;2010;US;Vinyl
531660;2010;UK;Vinyl
531660;2008;US;CD
424513;0;Germany;Vinyl
424513;1966;Germany;Vinyl
424513;1953;France;Vinyl
424513;1966;Germany;Vinyl
213990;2002;UK;Vinyl
213990;2002;UK;Vinyl
213990;2001;Germany;CD
473600;2007;US;Vinyl
473600;1995;Portugal;CD
951669;1967;France;Vinyl
951669;1967;France;Vinyl
951669;1971;France;Vinyl
894826;1976;Sweden;Vinyl
894826;0;Sweden;Vinyl
894826;1991;UK;Vinyl
894826;2010;UK;CD
695381;1974;Germany;Vinyl
695381;1971;UK;Vinyl
695381;1990;US;Flexi-disc
695381;1982;US;Vinyl
128543;1992;Europe;Vinyl
128543;2004;UK & Europe;Vinyl
665023;1990;Greece;Vinyl
665023;1990;Greece;CD
665023;1990;Greece;Cassette
542944;2004;Germany;CD
542944;0;Germany;CDr
542944;1993;Germany;CD
542944;0;None;Box Set
859805;1981;US;Vinyl
859805;0;UK & US;Vinyl
859805;1983;Europe;CD
859805;1980;UK;Vinyl
300762;1968;US;Vinyl
300762;1968;US;Vinyl
300762;1968;US;Vinyl
161857;1988;UK;Vinyl
161857;2011;Europe;CD
161857;2005;Hungary;CD
161857;1979;Germany;Vinyl
325736;2006;UK;Vinyl
325736;2005;UK;Vinyl
681300;2012;Hong Kong;CD
681300;2012;Germany;CD
998013;1974;Canada;Vinyl
998013;0;Canada;Vinyl
998013;0;Canada;Vinyl
998013;1974;Canada;Vinyl
562341;1962;USSR;Vinyl
562341;1966;USSR;Vinyl
562341;1966;USSR;Vinyl
562341;0;USSR;Vinyl
837969;2019;US;Vinyl
837969;1972;UK;Vinyl
277452;2010;US;Vinyl
277452;2010;US;Vinyl
277452;0;None;CD
277452;1993;UK;Vinyl
634937;1997;US;CD
634937;1997;US;CD
170818;2011;France;Vinyl
170818;2021;France;Vinyl
170818;2008;Netherlands;Vinyl
321425;1990;Europe;Vinyl
321425;1993;Italy;Vinyl
321425;1991;Belgium;Vinyl
183651;1988;US;Vinyl
183651;1988;Germany;Vinyl
183651;1994;Germany;Vinyl
827310;2015;UK & Europe;Vinyl
827310;2015;UK & Europe;Vinyl
924049;1998;US;CD
924049;1998;US;Vinyl
924049;1998;US;Cassette
924049;2014;US;Cassette
626186;2012;UK;Cassette
626186;2012;UK;File
439806;1996;Europe;CD
439806;1996;Germany;CD
439806;1996;Germany;Vinyl
439806;1997;US;Vinyl
653203;2010;Japan;Vinyl
653203;0;Japan;Vinyl
605131;2013;UK;Vinyl
605131;2013;UK;Vinyl
605131;2013;UK;Vinyl
605131;2013;US;Vinyl
997935;1990;Greece;Vinyl
997935;1990;Greece;Cassette
180816;2019;US;Vinyl
180816;1989;US;Vinyl
180816;1989;Germany;Vinyl
299066;2018;Europe;Vinyl
299066;2005;Germany;CD
299066;1998;US;CD
299066;1998;US;Vinyl
15264;1989;US;Vinyl
15264;1989;UK & Europe;Vinyl
814367;1983;Italy;Vinyl
814367;1987;US;Vinyl
746570;1997;UK;Vinyl
746570;1996;UK;Vinyl
746570;1970;US;Vinyl
545458;1962;US;Vinyl
545458;1962;UK;Vinyl
545458;1962;US;Vinyl
569317;1993;Germany;Vinyl
569317;1993;Austria;Vinyl
569317;2000;Germany;Vinyl
756310;1958;US;Vinyl
756310;0;US;Vinyl
756310;0;Belgium;Vinyl
756310;0;India;Vinyl
386484;1994;US;Vinyl
386484;1994;US;Vinyl
49166;1987;Europe;Vinyl
49166;1987;Europe;Vinyl
49166;1987;UK & Europe;CD
49166;1987;France;Vinyl
174988;1990;UK;Vinyl
174988;1980;Italy;Vinyl
174988;2013;Australia;Vinyl
149190;1979;US;Vinyl
149190;1979;US;Vinyl
151588;2006;Germany;Vinyl
151588;2006;Germany;Vinyl
151588;2006;Sweden;CD
151588;1990;US;CD
941888;1983;UK;Vinyl
941888;1993;UK;Vinyl
941888;1994;US;Vinyl
941888;2003;Germany;Vinyl
587600;1998;Japan;CD
587600;2006;Japan;CD
906130;1988;Canada;Vinyl
906130;2018;Greece;CD
906130;1988;Canada;Cassette
906130;1979;Nigeria;Vinyl
327693;2009;US;Vinyl
327693;1986;US;Vinyl
327693;1986;UK;Vinyl
327693;2014;Unknown;Vinyl
376272;2004;US;CD
376272;2004;US;CD
376272;2004;US;CD
96926;2001;US;Vinyl
96926;1998;UK;Vinyl
96926;2013;Germany;Vinyl
96926;1986;UK;Vinyl
187155;1999;UK & Europe;CD
187155;0;UK;CD
491257;2011;US;Cassette
491257;2011;US;File
491257;2011;US;Vinyl
565354;1982;Germany;Vinyl
565354;2013;Italy;CD
72911;1983;US;Vinyl
72911;2005;US;Vinyl
72911;1983;Germany;Vinyl
72911;1983;UK;Vinyl
288451;1987;Spain;Vinyl
288451;1976;UK;Vinyl
288451;1978;Germany;Vinyl
300259;1995;UK;Vinyl
300259;1995;UK;Vinyl
584218;1979;Germany;Vinyl
584218;1977;US;Vinyl
584218;1965;UK;Vinyl
177748;2005;Germany;Cassette
177748;2005;Germany;CDr
771632;2012;Germany;Vinyl
771632;2012;Germany;Vinyl
771632;2015;Belgium;CD
771632;2004;Germany;CD
410324;1991;Germany;Vinyl
410324;1991;Germany;Vinyl
931546;2006;UK;CD
931546;1996;UK;CD
306269;1979;Germany;Vinyl
306269;1992;Germany;CD
306269;2010;Germany;CD
306269;1992;Germany;Vinyl
440889;1984;Europe;Vinyl
440889;1984;Canada;Vinyl
440889;2009;Poland;CD
440889;1985;Japan;Vinyl
649539;2020;Belgium;Vinyl
649539;2012;Poland;Vinyl
649539;2011;US;CD
436248;2012;UK;Vinyl
436248;2012;UK;CD
436248;2012;UK;Vinyl
881783;2003;US;Vinyl
881783;2000;Spain;Vinyl
881783;2013;US;Vinyl
881783;2017;US;Vinyl
673638;1950;US;Vinyl
673638;0;US;Vinyl
673638;2005;UK;CD
253884;2003;US;Vinyl
253884;2003;Europe;Vinyl
561811;2010;US;CD
561811;2019;US;Vinyl
561811;2010;UK & Europe;CD
702647;1970;France;Vinyl
702647;0;France;Vinyl
920353;1961;US;Vinyl
920353;1961;US;Vinyl
920353;2005;Europe;CD
708997;2014;Slovenia;CDr
708997;2014;Slovenia;File
815901;2012;Italy;File
839639;0;US;Vinyl
839639;1953;US;Shellac
839639;1989;UK;CD
839639;1987;Brazil;Vinyl
541812;1976;Czechoslovakia;Vinyl
541812;1975;US;Vinyl
541812;1966;UK;Vinyl
541812;1993;US;Vinyl
498548;2012;Sweden;Vinyl
498548;2012;Sweden;Vinyl
498548;2012;Sweden;Vinyl
498548;1994;UK & Ireland;CD
297211;1969;UK;Vinyl
297211;1973;UK;Vinyl
657945;1960;Germany;Vinyl
657945;0;Germany;Vinyl
657945;1987;Germany;Vinyl
657945;1987;Germany;Box Set
471429;1994;Europe;CD
471429;2004;Germany;CD
471429;2011;Russia;CD
471429;2012;Russia;CD
215498;2012;US;Vinyl
215498;1988;US;Vinyl
215498;1977;US;Vinyl
215498;1965;US;Vinyl
538309;1999;US;Vinyl
538309;2004;US;CD
538309;2002;US;CD
222916;2009;Netherlands;CD
222916;2009;Netherlands;File
222916;2010;Netherlands;CD
222916;2010;Netherlands;CD
4720;2004;Europe;Vinyl
4720;2004;France;CD
4720;2004;France;CD
318969;2002;US;Vinyl
318969;2002;US;CD
50934;2003;Germany;CD
50934;2003;Germany;CD
50934;1980;US;Vinyl
431057;0;Germany;Vinyl
431057;1971;Germany;Vinyl
431057;0;Germany;Vinyl
905288;1986;US;Vinyl
905288;1971;US;Vinyl
87551;1963;US;Vinyl
87551;1963;US;Vinyl
87551;0;UK;Vinyl
853990;1964;Netherlands;Vinyl
853990;1976;UK;Vinyl
858430;1972;France;Vinyl
858430;1978;France;Vinyl
858430;1977;France;Vinyl
919127;2011;US;CD
919127;2011;US;CDr
781562;0;US;Vinyl
781562;0;US;Vinyl
442814;1983;US;Vinyl
442814;2006;Spain;Vinyl
442814;2000;Canada;CD
442814;1997;Spain;CD
539392;2001;US;Vinyl
539392;2010;Unknown;File
539392;2010;Unknown;File
826839;1986;UK;Vinyl
826839;1986;UK;CD
826839;1998;Jamaica;Vinyl
555012;2008;Finland;CD
555012;2008;Finland;CD
730996;0;Germany;Vinyl
730996;0;Germany;Vinyl
473237;1965;Belgium;Vinyl
473237;1965;Netherlands;Vinyl
473237;1965;Portugal;Vinyl
473237;1965;Belgium;Vinyl
209922;1996;UK;Vinyl
209922;1997;UK;Vinyl
209922;1996;UK;Vinyl
209922;1991;Europe;CD
303689;2007;UK;Vinyl
303689;1993;UK;Vinyl
303689;2007;UK;CD
303689;2018;US;CD
11279;2003;UK;Vinyl
11279;2003;Europe;Vinyl
441203;1978;Spain;Vinyl
441203;2022;Spain;Vinyl
488288;2005;UK;Vinyl
488288;2005;UK;Vinyl
488288;2004;Germany;CD
323047;2004;UK;Vinyl
323047;2006;UK;Vinyl
323047;2006;UK;Vinyl
82436;1981;US;Vinyl
82436;2003;France;Vinyl
82436;1981;Germany;Vinyl
82436;1981;Canada;Vinyl
601471;1982;Europe;Vinyl
601471;1972;US;Vinyl
601471;2003;US;Vinyl
761166;2018;Europe;CD
761166;2018;Germany;Vinyl
761166;2018;Germany;Vinyl
501314;2016;US;Vinyl
501314;2012;Germany;Vinyl
306358;2003;Russia;CD
306358;0;Russia;CD
519349;2013;Europe;Blu-ray
519349;1973;UK;Vinyl
519349;2012;US;DVD
194536;1994;Germany;Vinyl
194536;1994;US;CD
561112;0;US;CD
561112;1993;US;CD
561112;1993;US;CD
387030;2010;US;Vinyl
387030;2010;US;Cassette
387030;2011;US;Vinyl
693714;1995;Sweden;CD
693714;1995;Sweden;CD
693714;1995;Sweden;CD
693714;1995;Sweden;CD
19737;1983;UK;Vinyl
19737;1983;UK;Vinyl
19737;1988;Europe;Vinyl
714370;0;UK;Vinyl
714370;1964;UK;Vinyl
343076;1997;UK;Vinyl
343076;1997;UK;Vinyl
343076;1997;UK;Vinyl
343076;1999;Germany;CD
489402;1997;Belgium;CD
489402;1997;Belgium;CD
489402;2000;Europe;CD
489402;2000;Europe;CD
34419;1992;US;Vinyl
34419;1992;US;Vinyl
659867;1967;US;Vinyl
659867;0;Canada;Vinyl
935530;1985;US;Cassette
935530;1983;US;Cassette
935530;2003;Poland;CD
499140;1980;UK;Vinyl
499140;1980;UK;Vinyl
952457;1966;Hong Kong;Vinyl
952457;2008;Hong Kong;CD
952457;1993;Taiwan;CD
664525;2010;Mexico;CD
664525;2010;Germany;Cassette
583055;2013;Germany;Vinyl
583055;1966;France;Vinyl
583055;2014;Belgium;Vinyl
395655;2021;UK;Vinyl
395655;2001;Germany;Vinyl
804600;2003;Japan;Vinyl
804600;2003;Japan;CDr
804600;2002;Spain;CD
581829;1998;UK;Vinyl
581829;1976;Brazil;Vinyl
581829;2005;US;Vinyl
581829;1994;Netherlands;Vinyl
510428;1968;UK;Vinyl
510428;1968;UK;Vinyl
510428;1968;UK;Vinyl
225878;1998;Europe;CD
225878;1998;Europe;CD
225878;1998;Europe;CD
225878;1998;France;Vinyl
535399;1981;France;Vinyl
535399;2014;US;Vinyl
535399;2014;US;Vinyl
535399;1983;US;Cassette
697791;1990;UK;Vinyl
697791;1980;Italy;Vinyl
697791;2013;Australia;Vinyl
697791;1990;UK;Vinyl
773054;2011;US;Vinyl
773054;2015;Europe;Vinyl
773054;1992;UK;Vinyl
618830;2013;Europe;Vinyl
618830;2013;USA & Canada;Vinyl
618830;2013;UK & Europe;Vinyl
618830;1988;Europe;Vinyl
144557;1997;UK;Vinyl
144557;1984;UK;Vinyl
144557;1979;Netherlands;Vinyl
144557;1998;UK;Vinyl
65131;2002;US;CD
65131;2001;US;CD
243084;1983;Netherlands;Vinyl
243084;1982;Germany;Vinyl
15881;1997;UK;Vinyl
15881;1997;UK;Vinyl
15881;2007;UK;CD
15881;2018;US;CD
413349;2017;US;CD
413349;2020;Germany;Vinyl
413349;2017;Europe;CD
65397;1997;UK;Vinyl
65397;1997;US;Vinyl
65397;1997;Europe;CD
65397;1997;UK;CD
115034;1984;Italy;Vinyl
115034;1996;Italy;Vinyl
73098;1993;Germany;Vinyl
73098;1975;US;Vinyl
56625;2007;Germany;Vinyl
56625;2007;Germany;CD
56625;2007;Europe;CD
735081;1982;US;Vinyl
735081;1987;US;Vinyl
469965;2018;Canada;Vinyl
469965;1984;US;Vinyl
469965;2002;US;Vinyl
273115;2010;US;Vinyl
273115;2010;US;CD
273115;2010;Canada;CD
273115;2010;US;CD
553979;2008;US;CD
553979;1995;US;Vinyl
553979;1983;South Africa;Vinyl
314266;1984;UK;Vinyl
314266;2002;US;Vinyl
259259;1980;UK;Vinyl
259259;2018;Germany;Vinyl
23833;1979;Germany;Vinyl
23833;1979;US;Vinyl
23833;1979;US;Vinyl
23833;1979;UK;Vinyl
152756;1972;US;Vinyl
152756;1983;Japan;Vinyl
111863;1994;US;Vinyl
111863;1994;US;Vinyl
965447;1992;US;Vinyl
965447;0;US;Vinyl
965447;2008;US;CD
392256;0;France;Vinyl
392256;1998;US;CD
392256;1989;Jamaica;Vinyl
392256;1957;US;Vinyl
590610;1970;US;Vinyl
590610;1970;US;Vinyl
590610;1970;Canada;Vinyl
600921;0;France;Vinyl
600921;1961;Switzerland;Vinyl
600921;1961;France;Vinyl
600921;1976;France;Vinyl
445223;1969;UK;Vinyl
445223;1972;Netherlands;Vinyl
299074;1977;Germany;Vinyl
299074;1976;UK;Vinyl
299074;1980;US;Vinyl
299074;1980;US;Vinyl
501405;1991;US;Vinyl
501405;1991;US;Vinyl
501405;2009;Europe;Vinyl
119506;1989;US;Vinyl
119506;1989;US;Vinyl
119506;1989;US;Vinyl
73172;1974;US;Vinyl
73172;1974;UK;Vinyl
789968;1972;Netherlands;Vinyl
789968;1970;Japan;Vinyl
373116;2009;UK;Vinyl
373116;2009;France;CDr
387696;1963;Brazil;Vinyl
387696;2018;Europe;Vinyl
132155;1992;Europe;CD
132155;1992;UK & Europe;Vinyl
132155;1992;Europe;Vinyl
132155;1992;UK;CD
430029;1959;Italy;Vinyl
430029;1962;Italy;Vinyl
430029;1959;Italy;Vinyl
430029;1955;Italy;Shellac
595995;1962;US;Vinyl
595995;1962;UK;Vinyl
840043;1961;US;Vinyl
840043;1961;US;Vinyl
840043;1961;US;Vinyl
486115;2017;Germany;Vinyl
486115;2004;US;DVD
486115;1968;US;Vinyl
396275;2011;Italy;Vinyl
396275;2015;Germany;CD
396275;2002;Norway;CD
396275;1986;Germany;Cassette
308952;2010;US;DVD
308952;2010;UK;DVD
809732;1959;US;Vinyl
809732;1983;Italy;Vinyl
809732;1959;France;Vinyl
809732;1994;UK;Vinyl
619066;1976;US;Vinyl
619066;1976;US;Vinyl
619066;1976;UK;Vinyl
230978;2002;Italy;CD
230978;2002;Italy;CD
932311;2020;Poland;CD
932311;2020;Poland;Vinyl
932311;2020;Poland;CD
889704;1980;US;Vinyl
889704;1979;Japan;Vinyl
889704;1983;Italy;Vinyl
522200;1985;Netherlands;Vinyl
522200;1984;Netherlands;Vinyl
866760;2002;US;CD
866760;1991;US;CD
866760;2002;US;Vinyl
115440;1974;Yugoslavia;Vinyl
115440;1974;Yugoslavia;Vinyl
866348;1987;US;Vinyl
866348;1982;US;Vinyl
715401;1972;Jamaica;Vinyl
171946;2007;UK;Vinyl
171946;2022;Portugal;Vinyl
448280;2006;Poland;CD
448280;2005;US;CD
448280;2006;Poland;CD
448280;1984;Europe;Vinyl
252818;2010;Russia;CD
252818;2018;Turkey;CD
969326;2009;US;Vinyl
969326;1986;US;Vinyl
718487;1989;Romania;Vinyl
718487;1988;Romania;Vinyl
718487;1988;Romania;Vinyl
360269;1994;Italy;Vinyl
360269;1980;US;Vinyl
360269;1981;US;Vinyl
360269;1990;US;Vinyl
305673;1966;US;Vinyl
305673;1967;US;Vinyl
305673;1967;US;Vinyl
204031;1977;Japan;Vinyl
204031;2000;Japan;CD
482857;2012;US;File
908226;1992;Europe;CD
908226;2014;US;Vinyl
908226;1992;US;CD
908226;2016;US;Vinyl
698442;2016;Italy;CD
698442;2018;Italy;Vinyl
171356;1984;Netherlands;Vinyl
171356;2005;US;CD
171356;1996;France;Vinyl
799880;1994;US;Vinyl
799880;2012;US;Vinyl
799880;1989;Germany, Austria, & Switzerland;Vinyl
799880;1977;UK;Vinyl
397898;2011;Greece;Vinyl
397898;2011;Greece;CD
397898;2012;Greece;CD
442779;1995;UK;CD
442779;1996;Netherlands;CD
442779;1996;Europe;CD
347981;2001;UK;Vinyl
347981;2006;Germany;Vinyl
347981;2001;UK;Vinyl
497433;2012;US;CD
497433;2012;Europe;CD
188933;1966;UK;Vinyl
188933;1985;US;Vinyl
188933;1985;US;Vinyl
188933;1966;Netherlands;Vinyl
188352;1976;US;Vinyl
188352;1997;US;CD
272358;2006;UK;Vinyl
272358;1972;US;Vinyl
272358;2000;UK;Vinyl
272358;2000;US;Vinyl
904946;1966;Yugoslavia;Vinyl
904946;1978;Yugoslavia;Vinyl
904946;1966;Yugoslavia;Vinyl
904946;1966;Yugoslavia;Vinyl
812252;1970;US;Vinyl
812252;1970;US;Vinyl
327205;2000;Italy;CD
327205;1997;Italy;CD
327205;1997;Italy;CD
327205;2000;Italy;CD
601231;2015;UK;Vinyl
601231;2015;Europe;CDr
700807;2011;Hungary;CD
700807;2014;Hungary;Cassette
483619;1981;France;Vinyl
483619;1981;France;Vinyl
644608;1999;France;Vinyl
644608;1999;France;Vinyl
644608;0;Greece;Vinyl
487057;1967;UK;Vinyl
487057;0;Jamaica;Vinyl
487057;0;Jamaica;Vinyl
166602;2002;UK;Vinyl
166602;2001;UK;Vinyl
742696;2012;Finland;CDr
742696;2011;Finland;Box Set
566460;2005;UK;Vinyl
566460;2008;UK;Vinyl
566460;2020;UK;Vinyl
754601;1985;UK;Vinyl
754601;2015;Germany;DVD
906530;1989;Poland;Vinyl
906530;2015;Japan;Cassette
643435;1959;US;Vinyl
643435;1958;US;Vinyl
643435;1962;US;Vinyl
971965;1994;UK;Vinyl
971965;1994;UK;Vinyl
971965;1995;UK;Vinyl
971965;2008;Germany;CD
180381;1990;UK;Vinyl
180381;1995;US;Vinyl
180381;1981;US;Vinyl
180381;1993;Italy;Vinyl
324369;2011;US;CD
324369;2011;US;File
324369;1988;UK;Vinyl
324369;2004;UK;CD
632719;1997;Europe;Vinyl
632719;2019;UK;Vinyl
632719;1976;US;Vinyl
292460;1980;US;Vinyl
292460;1980;US;Vinyl
181578;1975;US;Vinyl
181578;2002;Europe;Vinyl
596807;2001;UK;Vinyl
596807;2001;UK;CD
596807;2001;US;Vinyl
596807;1980;US;Vinyl
19995;2002;Worldwide;CD
19995;1996;US;Vinyl
871920;1974;US;Vinyl
871920;1981;US;Vinyl
766359;2014;Japan;Blu-ray
766359;2014;Japan;DVD
766359;2014;Japan;DVD
298019;1978;US;Vinyl
298019;1978;US;Cassette
298019;1978;US;Cassette
476826;2000;UK;Vinyl
476826;2000;Germany;Vinyl
23763;1977;UK;Vinyl
23763;1977;US;Vinyl
23763;1977;US;Vinyl
181938;1988;UK;Vinyl
181938;1985;US;Vinyl
181938;1986;UK;Vinyl
181938;1984;US;Vinyl
87202;1984;UK;Vinyl
87202;1980;Canada;Vinyl
87202;1977;Germany;Vinyl
844368;1968;US;Vinyl
844368;1968;Australia;Vinyl
968512;2014;None;File
968512;2009;US;Vinyl
968512;2014;Unknown;File
357418;1983;Canada;Vinyl
357418;2011;Netherlands;Vinyl
357418;2011;Netherlands;Vinyl
575655;2010;UK;Vinyl
575655;1998;Germany;CD
575655;2005;US;CD
575655;1996;US;CD
202865;2008;US;Vinyl
202865;2008;US;CD
488141;1999;US;Vinyl
488141;1989;US;Vinyl
488141;2022;Italy;CD
488141;1995;UK;CD
149506;2000;Netherlands;Vinyl
149506;2020;Europe;Vinyl
149506;2000;Europe;CD
149506;2000;Germany;Vinyl
748078;1994;UK;Vinyl
748078;2024;Worldwide;Vinyl
684434;1966;US;Vinyl
684434;1966;US;Vinyl
684434;1966;UK;Vinyl
684434;1966;Canada;Vinyl
212928;1990;Germany;Vinyl
212928;1998;Sweden;CD
793256;1987;US;Vinyl
793256;1981;US;Vinyl
793256;1984;US;Vinyl
147872;1998;Russia;Cassette
147872;1999;Russia;CDr
147872;2000;Germany;Vinyl
255805;2012;UK;Vinyl
255805;2012;UK;CD
255805;2019;UK & US;Vinyl
265502;2017;Europe;Vinyl
265502;2024;USA & Europe;Vinyl
963999;2016;Italy;Vinyl
963999;1968;Italy;Vinyl
729858;2006;Australia;Vinyl
729858;0;Australia;File
504975;2002;France;File
504975;2002;France;CDr
615052;2002;UK;Vinyl
615052;1981;UK;Vinyl
861702;1984;Spain;Vinyl
861702;1984;Spain;Vinyl
861702;2002;Spain;CD
758164;1999;Czech Republic;CD
758164;1999;Czech Republic;CD
758164;1998;US;CD
758164;2007;Austria;Vinyl
489920;2007;Europe;CD
489920;2006;US;CD
489920;1964;US;Vinyl
193107;2018;US;Vinyl
193107;1984;US;Vinyl
740031;2002;US;Vinyl
740031;2002;US;CDr
740031;0;Europe;CD
740031;1984;Europe;Vinyl
346213;1992;UK;Vinyl
346213;1992;UK;Vinyl
346213;1998;UK;Vinyl
211094;1978;Canada;Vinyl
211094;1978;Canada;Vinyl
921795;1974;Italy;Vinyl
921795;1974;Italy;Vinyl
213933;1998;UK & Europe;Vinyl
213933;1998;Europe;CD
213933;1998;UK & Europe;CD
323187;1967;UK;Vinyl
323187;1967;UK;Vinyl
323187;1967;New Zealand;Vinyl
323187;1998;UK;CD
843843;2015;Germany;Vinyl
843843;2014;UK;Vinyl
843843;2015;Germany;Vinyl
764041;1966;Spain;Vinyl
764041;1968;Spain;Vinyl
764041;1966;Spain;Vinyl
844106;2001;US;Vinyl
844106;2020;UK;Vinyl
844106;2013;Germany;Vinyl
844106;2012;Germany;Vinyl
860730;1984;US;Vinyl
860730;1995;UK;CD
860730;2019;US;Vinyl
269036;1999;Germany;CD
269036;1969;US;Vinyl
269036;1971;US;Vinyl
269036;0;UK;Vinyl
862105;1988;US;Vinyl
862105;1988;Europe;Vinyl
862105;2017;Spain;Vinyl
889033;2009;Indonesia;CD
889033;2015;Indonesia;Cassette
535897;1978;US;Vinyl
535897;1978;US;Vinyl
911105;2002;UK;Vinyl
911105;2002;UK;Vinyl
911105;1993;Italy;Vinyl
911105;2004;UK;Vinyl
169798;1985;US;Vinyl
169798;1985;US;Vinyl
169798;1985;Canada;Vinyl
169798;1985;US;Vinyl
51029;1996;Europe;CD
51029;1996;UK;CD
729309;2013;France;Vinyl
729309;2013;France;CD
102726;1996;US;Vinyl
102726;1995;US;Vinyl
102726;1996;Europe;CD
705083;0;USSR;Vinyl
705083;1968;USSR;Vinyl
824813;0;UK;Vinyl
824813;1982;US;Vinyl
354726;1995;Italy;Vinyl
354726;2019;UK & Europe;Vinyl
354726;1995;Germany;Vinyl
834360;1988;Europe;Vinyl
834360;1988;Europe;Vinyl
195635;2001;Italy;CD
195635;2008;US;Cassette
658272;2003;Netherlands;SACD
658272;2018;Europe;Vinyl
658272;1994;Germany;CD
658272;2022;US;Vinyl
929258;2012;Finland;Cassette
929258;2012;Scandinavia;Cassette
108623;2002;Germany;CD
108623;2002;Germany;Vinyl
108623;2002;Germany;CD
409682;1967;France;Vinyl
409682;1967;Canada;Vinyl
409682;1967;Spain;Vinyl
409682;1967;France;Vinyl
578889;2013;Netherlands;Vinyl
578889;2020;Netherlands;Vinyl
578889;2013;Netherlands;File
853507;1969;UK;Vinyl
853507;2001;UK;CD
245185;2013;UK;Vinyl
245185;1993;UK;Vinyl
245185;1970;US;Vinyl
545798;2002;US;Vinyl
545798;2001;US;Vinyl
235150;2023;Worldwide;Vinyl
235150;1984;UK;Vinyl
235150;1984;UK;Vinyl
235150;1978;US;Vinyl
823085;2014;US;Vinyl
823085;2014;US;Vinyl
823085;2003;UK;CD
823085;1995;France;Vinyl
505281;1982;Greece;Vinyl
505281;2019;Greece;CD
402976;1987;Italy;Vinyl
402976;0;Italy;Vinyl
989079;1994;US;Vinyl
989079;2007;Germany;CD
679541;1974;UK;Vinyl
679541;1970;Australia;Vinyl
329882;1995;Germany;Vinyl
125491;1995;UK;Vinyl
125491;1995;UK;Vinyl
125491;1995;UK;Vinyl
293156;1968;Sweden;Vinyl
293156;1969;Sweden;Vinyl
270610;1984;Jamaica;Vinyl
270610;2009;US;Vinyl
270610;2010;US;Vinyl
270610;2003;US;CD
8820;2008;US;Vinyl
8820;2008;US;Vinyl
614170;1979;Romania;Vinyl
614170;0;Romania;Vinyl
942911;1971;Japan;Vinyl
942911;1980;UK;Vinyl
942911;1998;Germany;Vinyl
822527;1986;UK;Vinyl
822527;1987;US;Vinyl
822527;2014;Germany;CD
822527;2015;Germany;Vinyl
731174;0;Germany;Vinyl
731174;1975;Germany;Vinyl
14471;2000;Europe;CD
14471;2000;US;CD
667116;2014;Switzerland;Vinyl
667116;1977;Japan;Vinyl
667116;1982;Japan;Vinyl
667116;1997;US;CD
620868;2011;Venezuela;File
620868;2011;Venezuela;File
620868;1996;Spain;CD
620868;1996;Germany;CD
346835;1976;Italy;Vinyl
346835;1976;Italy;Vinyl
346835;1982;Italy;Vinyl
346835;1976;Italy;Vinyl
971440;2017;Jamaica;Vinyl
971440;2016;UK;Vinyl
641812;2013;UK;CDr
641812;2013;UK;File
640576;1991;Germany;CD
640576;1991;Germany;Vinyl
673431;2020;US;Vinyl
673431;1990;UK;Vinyl
673431;1990;US;Vinyl
673431;1959;US;Vinyl
539986;1978;US;Vinyl
539986;1978;US;Vinyl
539986;1978;Canada;Vinyl
637269;2002;US;CDr
637269;2002;US;File
912783;2015;UK;Vinyl
912783;2015;UK & Europe;Vinyl
260490;1997;UK;Vinyl
260490;1997;UK;Vinyl
260490;1997;UK;Vinyl
262953;1989;Europe;Vinyl
262953;1999;France;Vinyl
403763;1989;US;Vinyl
403763;2013;US;Box Set
222193;1973;US;Vinyl
222193;1973;US;Vinyl
222193;1979;Germany;Vinyl
122566;1978;US;Vinyl
122566;1978;UK;Vinyl
122566;1957;US;Vinyl
411599;1983;UK & Europe;Vinyl
411599;1983;Australia;Vinyl
15757;1999;US;Vinyl
15757;1999;Europe;Vinyl
15757;1999;Europe;CD
15757;1999;US;Vinyl
531599;1982;UK;Vinyl
531599;1962;US;Vinyl
531599;2007;UK;Vinyl
168176;1997;UK;Vinyl
168176;2009;US;Vinyl
168176;1997;UK;Vinyl
806093;1977;US;Vinyl
806093;2007;US;CD
806093;1982;Australia;Vinyl
806093;2007;US;CD
468136;1967;US;Vinyl
468136;1967;US;Vinyl
468136;1967;US;Vinyl
468136;1974;UK;Vinyl
350898;1963;Netherlands;Vinyl
350898;1958;UK;Vinyl
350898;0;Germany;Vinyl
350898;0;Germany;Vinyl
873093;2015;Germany;Vinyl
873093;2015;Germany;Vinyl
873093;2021;Germany;Vinyl
300380;2010;UK;Vinyl
300380;2010;UK;File
90655;1969;US;Vinyl
90655;1986;UK;Vinyl
467264;2014;Australia;Vinyl
467264;2011;Australia;Vinyl
64789;2021;US;Vinyl
64789;1986;UK;Vinyl
64789;1986;US;Vinyl
366407;1980;US;Vinyl
366407;1988;US;Vinyl
28794;1986;Europe;Vinyl
28794;1988;UK;Vinyl
28794;1988;UK;Vinyl
203958;1984;Europe;Vinyl
203958;1984;Germany;Vinyl
203958;1989;Europe;Vinyl
561276;2013;US;8-Track Cartridge
561276;2013;US;Floppy Disk
561276;2013;US;Floppy Disk
561276;2014;Italy;CD
62145;2013;US;Vinyl
62145;1990;Europe;Vinyl
434319;1992;Spain;Vinyl
434319;1998;Spain;CD
434319;1989;Italy;Vinyl
434319;2016;Spain;Vinyl
758919;1979;Netherlands;Vinyl
758919;2004;Belgium;CD
440743;1972;UK;Vinyl
440743;1972;US;Vinyl
440743;1972;US;Vinyl
527893;1975;Yugoslavia;Vinyl
527893;2024;Europe;Vinyl
527893;2024;Europe;Vinyl
648472;1965;US;Vinyl
648472;0;US;Vinyl
718710;1959;US;Vinyl
718710;1959;US;Vinyl
718710;1959;Australia;Vinyl
718710;1959;UK;Vinyl
870093;1945;UK;Shellac
870093;1946;UK;Shellac
870093;0;Netherlands;Shellac
424679;1973;US;Vinyl
424679;1973;UK;Vinyl
424679;2011;Sweden;CD
424679;1973;US;Vinyl
242274;1987;US;Vinyl
242274;1987;Europe;Vinyl
242274;1987;US;CD
665522;1976;US;Vinyl
665522;1976;Italy;Vinyl
84200;1989;US;Vinyl
84200;1989;US;Vinyl
84200;1989;US;Vinyl
573837;1983;Venezuela;Vinyl
573837;0;Venezuela;Vinyl
573837;0;Venezuela;Vinyl
407212;1982;US;Vinyl
407212;1982;US;Vinyl
407212;2003;Ireland;CD
51586;1988;UK;Vinyl
51586;1988;US;Vinyl
51586;1988;UK;Vinyl
51586;1988;UK;CD
986815;1964;US;Vinyl
986815;1964;US;Vinyl
986815;1926;US;Shellac
814950;1965;UK;Vinyl
814950;2013;Jamaica;Vinyl
228497;1979;Germany;Vinyl
228497;1979;UK;Vinyl
228497;1979;US;Vinyl
372264;2012;US;Vinyl
372264;2012;Canada;CD
372264;2013;US;Vinyl
372264;2013;US;Vinyl
789451;1995;UK;Vinyl
789451;1995;UK;CD
556775;1969;Jamaica;Vinyl
556775;1969;Jamaica;Vinyl
42617;2003;Netherlands;Vinyl
42617;2003;Netherlands;Vinyl
798055;1968;US;Vinyl
798055;1968;US;Vinyl
798055;1968;Netherlands;Vinyl
798055;1998;Europe;CD
830962;0;Belgium;Vinyl
830962;0;Belgium;Vinyl
830962;0;Belgium;Vinyl
830962;0;Netherlands;Vinyl
373792;2003;UK;Vinyl
373792;1967;US;Vinyl
433002;1999;Spain;Vinyl
433002;2012;Canada;Vinyl
433002;2012;Canada;File
908192;1982;France;Vinyl
908192;1982;France;Vinyl
908192;1983;France;Vinyl
580212;2013;Worldwide;Vinyl
580212;2013;Europe;Vinyl
301782;1976;US;Vinyl
301782;1976;USA & Europe;Vinyl
301782;0;US;Vinyl
596280;1972;US;Vinyl
596280;1983;UK;Vinyl
596280;1983;UK;Vinyl
802104;1976;US;Vinyl
802104;1976;UK;Vinyl
802104;1977;UK;Vinyl
802104;1979;US;Vinyl
943907;2003;France;Vinyl
943907;1977;UK;Vinyl
943907;1977;France;Vinyl
322104;1988;Europe;CD
322104;1988;Europe;CD
